epoch,train_loss,val_loss
1,26.776376565297443,13.985376887851292
2,5.3599275731378135,0.935035354561276
3,0.6608803048729897,0.2780238174729877
4,0.3319208746155103,0.13628891855478287
5,0.20147365952531496,0.07845795237355763
6,0.19882844812754127,0.047793583323558174
7,0.16829221768097746,0.032566421975692116
8,0.1404237992440661,0.047269286380873785
9,0.13210741544349325,0.028493959456682205
10,0.1376226495227052,0.03673059203558498